,entropy,pred,labels,accuracy,branch0_class0_entropy,branch0_class0_accuracy,branch0_class1_entropy,branch0_class1_accuracy,branch0_class2_entropy,branch0_class2_accuracy,branch0_class3_entropy,branch0_class3_accuracy,branch0_class4_entropy,branch0_class4_accuracy,branch0_class5_entropy,branch0_class5_accuracy,branch0_class6_entropy,branch0_class6_accuracy,branch0_class7_entropy,branch0_class7_accuracy,branch0_class8_entropy,branch0_class8_accuracy,branch0_class9_entropy,branch0_class9_accuracy
0,,,,,0.0,0.0,0.0,0.0,0.0,0.0,0.0,0.0,0.021178916096640243,0.0,0.0,0.021178916096640243,0.021178916096640243,0.0,0.0,0.021178916096640243,0.021178916096640243,0.0,0.0,0.021178916096640243
1,,,,,0.02117890713197057,1.0,0.0,0.0,0.0,0.0,0.02117890713197057,0.0,0.021178916096640243,0.0,0.0,0.021178916096640243,0.021178916096640243,0.0,0.0,0.021178916096640243,0.021178916096640243,0.0,0.0,0.021178916096640243
2,,,,,1.7145111565508644,1.0,0.0,0.0,0.0,0.0,1.7145111565508644,1.0,0.021178916096640243,0.0,0.0,0.021178916096640243,0.021178916096640243,0.0,0.0,0.021178916096640243,0.021178916096640243,0.0,0.0,0.021178916096640243
3,,,,,1.123504928401738,1.0,0.0,0.0,0.0,0.0,1.123504928401738,1.0,0.021178916096640243,0.0,0.0,0.021178916096640243,0.021178916096640243,0.0,0.0,0.021178916096640243,0.021178916096640243,0.0,0.0,0.021178916096640243
4,,,,,0.02854453329516289,1.0,0.0,0.0,0.0,0.0,0.02854453329516289,1.0,0.021178916096640243,0.0,0.0,0.021178916096640243,0.021178916096640243,0.0,0.0,0.021178916096640243,0.021178916096640243,0.0,0.0,0.021178916096640243
